date;eu_tech_exv3;;;;;
2001-04-30;--;;;;;
2001-05-31;-0.06;;;;;
2001-06-30;-0.17;;;;;
2001-07-31;-0.09;;;;;
2001-08-31;-0.20;;;;;
2001-09-30;-0.17;;;;;
2001-10-31;0.27;;;;;
2001-11-30;0.17;;;;;
2001-12-31;0.06;;;;;
2002-01-31;-0.04;;;;;
2002-02-28;-0.06;;;;;
2002-03-31;0.05;;;;;
2002-04-30;-0.22;;;;;
2002-05-31;-0.10;;;;;
2002-06-30;-0.14;;;;;
2002-07-31;-0.15;;;;;
2002-08-31;-0.03;;;;;
2002-09-30;-0.23;;;;;
2002-10-31;0.39;;;;;
2002-11-30;0.14;;;;;
2002-12-31;-0.23;;;;;
2003-01-31;-0.04;;;;;
2003-02-28;-0.04;;;;;
2003-03-31;0.00;;;;;
2003-04-30;0.20;;;;;
2003-05-31;0.00;;;;;
2003-06-30;0.02;;;;;
2003-07-31;0.06;;;;;
2003-08-31;0.11;;;;;
2003-09-30;-0.09;;;;;
2003-10-31;0.14;;;;;
2003-11-30;0.01;;;;;
2003-12-31;-0.02;;;;;
2004-01-31;0.13;;;;;
2004-02-29;0.06;;;;;
2004-03-31;-0.04;;;;;
2004-04-30;-0.12;;;;;
2004-05-31;-0.01;;;;;
2004-06-30;0.04;;;;;
2004-07-31;-0.13;;;;;
2004-08-31;-0.04;;;;;
2004-09-30;0.08;;;;;
2004-10-31;0.04;;;;;
2004-11-30;0.03;;;;;
2004-12-31;-0.04;;;;;
2005-01-31;-0.02;;;;;
2005-02-28;0.03;;;;;
2005-03-31;-0.02;;;;;
2005-04-30;-0.02;;;;;
2005-05-31;0.10;;;;;
2005-06-30;0.04;;;;;
2005-07-31;0.02;;;;;
2005-08-31;-0.04;;;;;
2005-09-30;0.08;;;;;
2005-10-31;-0.05;;;;;
2005-11-30;0.06;;;;;
2005-12-31;0.03;;;;;
2006-01-31;0.02;;;;;
2006-02-28;0.01;;;;;
2006-03-31;0.07;;;;;
2006-04-30;-0.02;;;;;
2006-05-31;-0.08;;;;;
2006-06-30;-0.01;;;;;
2006-07-31;-0.06;;;;;
2006-08-31;0.06;;;;;
2006-09-30;0.01;;;;;
2006-10-31;0.02;;;;;
2006-11-30;0.00;;;;;
2006-12-31;0.03;;;;;
2007-01-31;0.00;;;;;
2007-02-28;-0.03;;;;;
2007-03-31;0.02;;;;;
2007-04-30;0.05;;;;;
2007-05-31;0.04;;;;;
2007-06-30;0.03;;;;;
2007-07-31;-0.02;;;;;
2007-08-31;0.03;;;;;
2007-09-30;0.04;;;;;
2007-10-31;-0.04;;;;;
2007-11-30;-0.07;;;;;
2007-12-31;-0.03;;;;;
2008-01-31;-0.10;;;;;
2008-02-29;-0.04;;;;;
2008-03-31;-0.11;;;;;
2008-04-30;0.07;;;;;
2008-05-31;0.03;;;;;
2008-06-30;-0.15;;;;;
2008-07-31;0.08;;;;;
2008-08-31;0.03;;;;;
2008-09-30;-0.18;;;;;
2008-10-31;-0.15;;;;;
2008-11-30;-0.07;;;;;
2008-12-31;-0.03;;;;;
2009-01-31;0.00;;;;;
2009-02-28;-0.10;;;;;
2009-03-31;0.07;;;;;
2009-04-30;0.18;;;;;
2009-05-31;0.01;;;;;
2009-06-30;-0.01;;;;;
2009-07-31;0.03;;;;;
2009-08-31;0.05;;;;;
2009-09-30;0.04;;;;;
2009-10-31;-0.08;;;;;
2009-11-30;-0.01;;;;;
2009-12-31;0.05;;;;;
2010-01-31;0.06;;;;;
2010-02-28;-0.01;;;;;
2010-03-31;0.11;;;;;
2010-04-30;-0.03;;;;;
2010-05-31;-0.05;;;;;
2010-06-30;-0.01;;;;;
2010-07-31;0.00;;;;;
2010-08-31;-0.06;;;;;
2010-09-30;0.08;;;;;
2010-10-31;0.02;;;;;
2010-11-30;-0.01;;;;;
2010-12-31;0.08;;;;;
2011-01-31;0.06;;;;;
2011-02-28;0.02;;;;;
2011-03-31;-0.03;;;;;
2011-04-30;0.03;;;;;
2011-05-31;-0.03;;;;;
2011-06-30;-0.03;;;;;
2011-07-31;-0.06;;;;;
2011-08-31;-0.07;;;;;
2011-09-30;-0.04;;;;;
2011-10-31;0.10;;;;;
2011-11-30;-0.02;;;;;
2011-12-31;-0.03;;;;;
2012-01-31;0.05;;;;;
2012-02-29;0.07;;;;;
2012-03-31;0.03;;;;;
2012-04-30;-0.07;;;;;
2012-05-31;-0.05;;;;;
2012-06-30;0.00;;;;;
2012-07-31;0.09;;;;;
2012-08-31;0.01;;;;;
2012-09-30;-0.01;;;;;
2012-10-31;0.01;;;;;
2012-11-30;0.08;;;;;
2012-12-31;0.02;;;;;
2013-01-31;0.05;;;;;
2013-02-28;0.02;;;;;
2013-03-31;0.01;;;;;
2013-04-30;0.01;;;;;
2013-05-31;0.02;;;;;
2013-06-30;-0.03;;;;;
2013-07-31;0.04;;;;;
2013-08-31;0.01;;;;;
2013-09-30;0.09;;;;;
2013-10-31;0.00;;;;;
2013-11-30;0.03;;;;;
2013-12-31;0.01;;;;;
2014-01-31;-0.05;;;;;
2014-02-28;0.04;;;;;
2014-03-31;0.00;;;;;
2014-04-30;-0.04;;;;;
2014-05-31;0.04;;;;;
2014-06-30;-0.02;;;;;
2014-07-31;0.02;;;;;
2014-08-31;0.03;;;;;
2014-09-30;0.01;;;;;
2014-10-31;-0.04;;;;;
2014-11-30;0.06;;;;;
2014-12-31;0.03;;;;;
2015-01-31;0.05;;;;;
2015-02-28;0.08;;;;;
2015-03-31;0.02;;;;;
2015-04-30;-0.02;;;;;
2015-05-31;0.05;;;;;
2015-06-30;-0.07;;;;;
2015-07-31;0.02;;;;;
2015-08-31;-0.09;;;;;
2015-09-30;-0.01;;;;;
2015-10-31;0.11;;;;;
2015-11-30;0.06;;;;;
2015-12-31;-0.03;;;;;
2016-01-31;-0.04;;;;;
2016-02-29;-0.04;;;;;
2016-03-31;0.03;;;;;
2016-04-30;-0.05;;;;;
2016-05-31;0.05;;;;;
2016-06-30;-0.04;;;;;
2016-07-31;0.13;;;;;
2016-08-31;0.00;;;;;
2016-09-30;0.02;;;;;
2016-10-31;-0.06;;;;;
2016-11-30;0.00;;;;;
2016-12-31;0.06;;;;;
2017-01-31;0.01;;;;;
2017-02-28;0.06;;;;;
2017-03-31;0.05;;;;;
2017-04-30;0.01;;;;;
2017-05-31;0.04;;;;;
2017-06-30;-0.04;;;;;
2017-07-31;0.01;;;;;
2017-08-31;-0.01;;;;;
2017-09-30;0.05;;;;;
2017-10-31;0.04;;;;;
2017-11-30;-0.03;;;;;
2017-12-31;-0.01;;;;;
2018-01-31;0.03;;;;;
2018-02-28;-0.01;;;;;
2018-03-31;-0.04;;;;;
2018-04-30;0.05;;;;;
2018-05-31;0.05;;;;;
2018-06-30;0.00;;;;;
2018-07-31;0.01;;;;;
2018-08-31;0.01;;;;;
2018-09-30;-0.03;;;;;
2018-10-31;-0.09;;;;;
2018-11-30;-0.03;;;;;
2018-12-31;-0.05;;;;;
2019-01-31;0.07;;;;;
2019-02-28;0.06;;;;;
2019-03-31;0.04;;;;;
2019-04-30;0.08;;;;;
2019-05-31;-0.06;;;;;
2019-06-30;0.06;;;;;
2019-07-31;0.00;;;;;
2019-08-31;-0.04;;;;;
2019-09-30;0.03;;;;;
2019-10-31;0.02;;;;;
2019-11-30;0.06;;;;;
2019-12-31;0.01;;;;;
2020-01-31;-0.01;;;;;
2020-02-29;-0.05;;;;;
2020-03-31;-0.11;;;;;
2020-04-30;0.10;;;;;
2020-05-31;0.07;;;;;
2020-06-30;0.08;;;;;
2020-07-31;0.00;;;;;
2020-08-31;0.04;;;;;
2020-09-30;-0.02;;;;;
2020-10-31;-0.11;;;;;
2020-11-30;0.13;;;;;
2020-12-31;0.05;;;;;
2021-01-31;0.03;;;;;
2021-02-28;0.03;;;;;
2021-03-31;0.05;;;;;
2021-04-30;0.03;;;;;
2021-05-31;0.00;;;;;
2021-06-30;0.04;;;;;
2021-07-31;0.05;;;;;
2021-08-31;0.06;;;;;
2021-09-30;-0.07;;;;;
2021-10-31;0.07;;;;;
2021-11-30;-0.03;;;;;
2021-12-31;0.03;;;;;
2022-01-31;-0.12;;;;;
2022-02-28;-0.06;;;;;
2022-03-31;0.00;;;;;
2022-04-30;-0.07;;;;;
2022-05-31;-0.03;;;;;
2022-06-30;-0.10;;;;;
2022-07-31;0.13;;;;;
2022-08-31;-0.08;;;;;
2022-09-30;-0.08;;;;;
2022-10-31;0.05;;;;;
2022-11-30;0.14;;;;;
2022-12-31;-0.07;;;;;
2023-01-31;0.15;;;;;
2023-02-28;-0.01;;;;;
2023-03-31;0.06;;;;;
2023-04-30;-0.04;;;;;
2023-05-31;0.07;;;;;
2023-06-30;0.02;;;;;
2023-07-31;0.00;;;;;
2023-08-31;-0.05;;;;;
2023-09-30;-0.06;;;;;
2023-10-31;-0.02;;;;;
2023-11-30;0.15;;;;;
2023-12-31;0.03;;;;;
2024-01-31;0.08;;;;;
2024-02-29;0.04;;;;;
2024-03-31;0.01;;;;;
2024-04-30;-0.04;;;;;
2024-05-31;0.04;;;;;
2024-06-30;0.05;;;;;
2024-07-31;-0.06;;;;;
2024-08-31;-0.01;;;;;
2024-09-30;0.00;;;;;
2024-10-31;-0.08;;;;;
2024-11-30;0.04;;;;;
2024-12-31;0.03;;;;;
2025-01-31;0.07;;;;;
2025-02-28;-0.02;;;;;
2025-03-31;-0.08;;;;;
2025-04-30;-0.01;;;;;
2025-05-31;0.08;;;;;
2025-06-30;0.01;;;;;
2025-07-31;-0.03;;;;;
2025-08-31;-0.04;;;;;
2025-09-30;0.07;;;;;
2025-10-31;0.04;;;;;
