date;eurusd_midprice
2004-12-31;1.3559
2005-01-31;1.3034
2005-02-28;1.3238
2005-03-31;1.2963
2005-04-30;1.2873
2005-05-31;1.2310
2005-06-30;1.2103
2005-07-31;1.2131
2005-08-31;1.2345
2005-09-30;1.2030
2005-10-31;1.1988
2005-11-30;1.1790
2005-12-31;1.1843
2006-01-31;1.2156
2006-02-28;1.1922
2006-03-31;1.2119
2006-04-30;1.2637
2006-05-31;1.2812
2006-06-30;1.2789
2006-07-31;1.2764
2006-08-31;1.2807
2006-09-30;1.2672
2006-10-31;1.2763
2006-11-30;1.3241
2006-12-31;1.3199
2007-01-31;1.3035
2007-02-28;1.3235
2007-03-31;1.3358
2007-04-30;1.3647
2007-05-31;1.3453
2007-06-30;1.3542
2007-07-31;1.3673
2007-08-31;1.3630
2007-09-30;1.4272
2007-10-31;1.4481
2007-11-30;1.4633
2007-12-31;1.4591
2008-01-31;1.4866
2008-02-29;1.5181
2008-03-31;1.5774
2008-04-30;1.5617
2008-05-31;1.5554
2008-06-30;1.5756
2008-07-31;1.5601
2008-08-31;1.4674
2008-09-30;1.4104
2008-10-31;1.2733
2008-11-30;1.2698
2008-12-31;1.3980
2009-01-31;1.2783
2009-02-28;1.2669
2009-03-31;1.3251
2009-04-30;1.3227
2009-05-31;1.4154
2009-06-30;1.4036
2009-07-31;1.4250
2009-08-31;1.4331
2009-09-30;1.4637
2009-10-31;1.4718
2009-11-30;1.5009
2009-12-31;1.4318
2010-01-31;1.3864
2010-02-28;1.3627
2010-03-31;1.3512
2010-04-30;1.3298
2010-05-31;1.2306
2010-06-30;1.2236
2010-07-31;1.3048
2010-08-31;1.2687
2010-09-30;1.3633
2010-10-31;1.3950
2010-11-30;1.2980
2010-12-31;1.3380
2011-01-31;1.3686
2011-02-28;1.3802
2011-03-31;1.4167
2011-04-30;1.4802
2011-05-31;1.4396
2011-06-30;1.4507
2011-07-31;1.4396
2011-08-31;1.4379
2011-09-30;1.3386
2011-10-31;1.3858
2011-11-30;1.3444
2011-12-31;1.2948
2012-01-31;1.3079
2012-02-29;1.3326
2012-03-31;1.3344
2012-04-30;1.3241
2012-05-31;1.2359
2012-06-30;1.2660
2012-07-31;1.2304
2012-08-31;1.2577
2012-09-30;1.2859
2012-10-31;1.2960
2012-11-30;1.2986
2012-12-31;1.3197
2013-01-31;1.3579
2013-02-28;1.3057
2013-03-31;1.2821
2013-04-30;1.3167
2013-05-31;1.2999
2013-06-30;1.3010
2013-07-31;1.3303
2013-08-31;1.3223
2013-09-30;1.3526
2013-10-31;1.3585
2013-11-30;1.3591
2013-12-31;1.3746
2014-01-31;1.3487
2014-02-28;1.3803
2014-03-31;1.3771
2014-04-30;1.3868
2014-05-31;1.3631
2014-06-30;1.3692
2014-07-31;1.3389
2014-08-31;1.3133
2014-09-30;1.2632
2014-10-31;1.2525
2014-11-30;1.2452
2014-12-31;1.2099
2015-01-31;1.1289
2015-02-28;1.1196
2015-03-31;1.0731
2015-04-30;1.1225
2015-05-31;1.0988
2015-06-30;1.1138
2015-07-31;1.0988
2015-08-31;1.1215
2015-09-30;1.1177
2015-10-31;1.1006
2015-11-30;1.0565
2015-12-31;1.0861
2016-01-31;1.0837
2016-02-29;1.0873
2016-03-31;1.1380
2016-04-30;1.1456
2016-05-31;1.1132
2016-06-30;1.1106
2016-07-31;1.1174
2016-08-31;1.1158
2016-09-30;1.1241
2016-10-31;1.0981
2016-11-30;1.0588
2016-12-31;1.0516
2017-01-31;1.0798
2017-02-28;1.0577
2017-03-31;1.0652
2017-04-30;1.0897
2017-05-31;1.1244
2017-06-30;1.1426
2017-07-31;1.1842
2017-08-31;1.1910
2017-09-30;1.1814
2017-10-31;1.1646
2017-11-30;1.1904
2017-12-31;1.1998
2018-01-31;1.2421
2018-02-28;1.2195
2018-03-31;1.2323
2018-04-30;1.2079
2018-05-31;1.1692
2018-06-30;1.1685
2018-07-31;1.1692
2018-08-31;1.1601
2018-09-30;1.1609
2018-10-31;1.1312
2018-11-30;1.1317
2018-12-31;1.1471
2019-01-31;1.1446
2019-02-28;1.1371
2019-03-31;1.1218
2019-04-30;1.1217
2019-05-31;1.1169
2019-06-30;1.1370
2019-07-31;1.1076
2019-08-31;1.0991
2019-09-30;1.0900
2019-10-31;1.1152
2019-11-30;1.1017
2019-12-31;1.1212
2020-01-31;1.1094
2020-02-29;1.1027
2020-03-31;1.1031
2020-04-30;1.0957
2020-05-31;1.1099
2020-06-30;1.1233
2020-07-31;1.1776
2020-08-31;1.1937
2020-09-30;1.1720
2020-10-31;1.1649
2020-11-30;1.1930
2020-12-31;1.2215
2021-01-31;1.2137
2021-02-28;1.2076
2021-03-31;1.1730
2021-04-30;1.2020
2021-05-31;1.2227
2021-06-30;1.1857
2021-07-31;1.1871
2021-08-31;1.1809
2021-09-30;1.1583
2021-10-31;1.1563
2021-11-30;1.1338
2021-12-31;1.1370
2022-01-31;1.1235
2022-02-28;1.1221
2022-03-31;1.1067
2022-04-30;1.0543
2022-05-31;1.0735
2022-06-30;1.0484
2022-07-31;1.0220
2022-08-31;1.0059
2022-09-30;0.9801
2022-10-31;0.9885
2022-11-30;1.0407
2022-12-31;1.0704
2023-01-31;1.0863
2023-02-28;1.0578
2023-03-31;1.0841
2023-04-30;1.1022
2023-05-31;1.0690
2023-06-30;1.0912
2023-07-31;1.0995
2023-08-31;1.0843
2023-09-30;1.0572
2023-10-31;1.0578
2023-11-30;1.0887
2023-12-31;1.1037
2024-01-31;1.0818
2024-02-29;1.0805
2024-03-31;1.0795
2024-04-30;1.0666
2024-05-31;1.0843
2024-06-30;1.0715
2024-07-31;1.0826
2024-08-31;1.1048
2024-09-30;1.1135
2024-10-31;1.0884
2024-11-30;1.0577
2024-12-31;1.0354
;
