date;FEDFUNDS
2004-11-30;1.93
2004-12-31;2.16
2005-01-31;2.28
2005-02-28;2.50
2005-03-31;2.63
2005-04-30;2.79
2005-05-31;3.00
2005-06-30;3.04
2005-07-31;3.26
2005-08-31;3.50
2005-09-30;3.62
2005-10-31;3.78
2005-11-30;4.00
2005-12-31;4.16
2006-01-31;4.29
2006-02-28;4.49
2006-03-31;4.59
2006-04-30;4.79
2006-05-31;4.94
2006-06-30;4.99
2006-07-31;5.24
2006-08-31;5.25
2006-09-30;5.25
2006-10-31;5.25
2006-11-30;5.25
2006-12-31;5.24
2007-01-31;5.25
2007-02-28;5.26
2007-03-31;5.26
2007-04-30;5.25
2007-05-31;5.25
2007-06-30;5.25
2007-07-31;5.26
2007-08-31;5.02
2007-09-30;4.94
2007-10-31;4.76
2007-11-30;4.49
2007-12-31;4.24
2008-01-31;3.94
2008-02-29;2.98
2008-03-31;2.61
2008-04-30;2.28
2008-05-31;1.98
2008-06-30;2.00
2008-07-31;2.01
2008-08-31;2.00
2008-09-30;1.81
2008-10-31;0.97
2008-11-30;0.39
2008-12-31;0.16
2009-01-31;0.15
2009-02-28;0.22
2009-03-31;0.18
2009-04-30;0.15
2009-05-31;0.18
2009-06-30;0.21
2009-07-31;0.16
2009-08-31;0.16
2009-09-30;0.15
2009-10-31;0.12
2009-11-30;0.12
2009-12-31;0.12
2010-01-31;0.11
2010-02-28;0.13
2010-03-31;0.16
2010-04-30;0.20
2010-05-31;0.20
2010-06-30;0.18
2010-07-31;0.18
2010-08-31;0.19
2010-09-30;0.19
2010-10-31;0.19
2010-11-30;0.19
2010-12-31;0.18
2011-01-31;0.17
2011-02-28;0.16
2011-03-31;0.14
2011-04-30;0.10
2011-05-31;0.09
2011-06-30;0.09
2011-07-31;0.07
2011-08-31;0.10
2011-09-30;0.08
2011-10-31;0.07
2011-11-30;0.08
2011-12-31;0.07
2012-01-31;0.08
2012-02-29;0.10
2012-03-31;0.13
2012-04-30;0.14
2012-05-31;0.16
2012-06-30;0.16
2012-07-31;0.16
2012-08-31;0.13
2012-09-30;0.14
2012-10-31;0.16
2012-11-30;0.16
2012-12-31;0.16
2013-01-31;0.14
2013-02-28;0.15
2013-03-31;0.14
2013-04-30;0.15
2013-05-31;0.11
2013-06-30;0.09
2013-07-31;0.09
2013-08-31;0.08
2013-09-30;0.08
2013-10-31;0.09
2013-11-30;0.08
2013-12-31;0.09
2014-01-31;0.07
2014-02-28;0.07
2014-03-31;0.08
2014-04-30;0.09
2014-05-31;0.09
2014-06-30;0.10
2014-07-31;0.09
2014-08-31;0.09
2014-09-30;0.09
2014-10-31;0.09
2014-11-30;0.09
2014-12-31;0.12
2015-01-31;0.11
2015-02-28;0.11
2015-03-31;0.11
2015-04-30;0.12
2015-05-31;0.12
2015-06-30;0.13
2015-07-31;0.13
2015-08-31;0.14
2015-09-30;0.14
2015-10-31;0.12
2015-11-30;0.12
2015-12-31;0.24
2016-01-31;0.34
2016-02-29;0.38
2016-03-31;0.36
2016-04-30;0.37
2016-05-31;0.37
2016-06-30;0.38
2016-07-31;0.39
2016-08-31;0.40
2016-09-30;0.40
2016-10-31;0.40
2016-11-30;0.41
2016-12-31;0.54
2017-01-31;0.65
2017-02-28;0.66
2017-03-31;0.79
2017-04-30;0.90
2017-05-31;0.91
2017-06-30;1.04
2017-07-31;1.15
2017-08-31;1.16
2017-09-30;1.15
2017-10-31;1.15
2017-11-30;1.16
2017-12-31;1.30
2018-01-31;1.41
2018-02-28;1.42
2018-03-31;1.51
2018-04-30;1.69
2018-05-31;1.70
2018-06-30;1.82
2018-07-31;1.91
2018-08-31;1.91
2018-09-30;1.95
2018-10-31;2.19
2018-11-30;2.20
2018-12-31;2.27
2019-01-31;2.40
2019-02-28;2.40
2019-03-31;2.41
2019-04-30;2.42
2019-05-31;2.39
2019-06-30;2.38
2019-07-31;2.40
2019-08-31;2.13
2019-09-30;2.04
2019-10-31;1.83
2019-11-30;1.55
2019-12-31;1.55
2020-01-31;1.55
2020-02-29;1.58
2020-03-31;0.65
2020-04-30;0.05
2020-05-31;0.05
2020-06-30;0.08
2020-07-31;0.09
2020-08-31;0.10
2020-09-30;0.09
2020-10-31;0.09
2020-11-30;0.09
2020-12-31;0.09
2021-01-31;0.09
2021-02-28;0.08
2021-03-31;0.07
2021-04-30;0.07
2021-05-31;0.06
2021-06-30;0.08
2021-07-31;0.10
2021-08-31;0.09
2021-09-30;0.08
2021-10-31;0.08
2021-11-30;0.08
2021-12-31;0.08
2022-01-31;0.08
2022-02-28;0.08
2022-03-31;0.20
2022-04-30;0.33
2022-05-31;0.77
2022-06-30;1.21
2022-07-31;1.68
2022-08-31;2.33
2022-09-30;2.56
2022-10-31;3.08
2022-11-30;3.78
2022-12-31;4.10
2023-01-31;4.33
2023-02-28;4.57
2023-03-31;4.65
2023-04-30;4.83
2023-05-31;5.06
2023-06-30;5.08
2023-07-31;5.12
2023-08-31;5.33
2023-09-30;5.33
2023-10-31;5.33
2023-11-30;5.33
2023-12-31;5.33
2024-01-31;5.33
2024-02-29;5.33
2024-03-31;5.33
2024-04-30;5.33
2024-05-31;5.33
2024-06-30;5.33
2024-07-31;5.33
2024-08-31;5.33
2024-09-30;5.13
2024-10-31;4.83
2024-11-30;4.64
2024-12-31;4.48
2025-01-31;4.33
