date;spxtr_return
2005-01-31;-2.4375%
2005-02-28;+2.1044%
2005-03-31;-1.7708%
2005-04-30;-1.8966%
2005-05-31;+3.1819%
2005-06-30;+0.1420%
2005-07-31;+3.7188%
2005-08-31;-0.9124%
2005-09-30;+0.8099%
2005-10-31;-1.6671%
2005-11-30;+3.7822%
2005-12-31;+0.0348%
2006-01-31;+2.6478%
2006-02-28;+0.2713%
2006-03-31;+1.2448%
2006-04-30;+1.3428%
2006-05-31;-2.8781%
2006-06-30;+0.1356%
2006-07-31;+0.6168%
2006-08-31;+2.3793%
2006-09-30;+2.5770%
2006-10-31;+3.2586%
2006-11-30;+1.9016%
2006-12-31;+1.4028%
2007-01-31;+1.5123%
2007-02-28;-1.9559%
2007-03-31;+1.1185%
2007-04-30;+4.4295%
2007-05-31;+3.4895%
2007-06-30;-1.6613%
2007-07-31;-3.1005%
2007-08-31;+1.4990%
2007-09-30;+3.7399%
2007-10-31;+1.5907%
2007-11-30;-4.1807%
2007-12-31;-0.6938%
2008-01-31;-5.9982%
2008-02-29;-3.2486%
2008-03-31;-0.4318%
2008-04-30;+4.8703%
2008-05-31;+1.2953%
2008-06-30;-8.4304%
2008-07-31;-0.8406%
2008-08-31;+1.4465%
2008-09-30;-8.9107%
2008-10-31;-16.7948%
2008-11-30;-7.1755%
2008-12-31;+1.0640%
2009-01-31;-8.4286%
2009-02-28;-10.6478%
2009-03-31;+8.7595%
2009-04-30;+9.5709%
2009-05-31;+5.5933%
2009-06-30;+0.1984%
2009-07-31;+7.5637%
2009-08-31;+3.6104%
2009-09-30;+3.7315%
2009-10-31;-1.8577%
2009-11-30;+5.9983%
2009-12-31;+1.9315%
2010-01-31;-3.5974%
2010-02-28;+3.0977%
2010-03-31;+6.0345%
2010-04-30;+1.5788%
2010-05-31;-7.9851%
2010-06-30;-5.2348%
2010-07-31;+7.0063%
2010-08-31;-4.5144%
2010-09-30;+8.9245%
2010-10-31;+3.8049%
2010-11-30;+0.0128%
2010-12-31;+6.6831%
2011-01-31;+2.3701%
2011-02-28;+3.4259%
2011-03-31;+0.0398%
2011-04-30;+2.9615%
2011-05-31;-1.1320%
2011-06-30;-1.6669%
2011-07-31;-2.0335%
2011-08-31;-5.4322%
2011-09-30;-7.0299%
2011-10-31;+10.9293%
2011-11-30;-0.2210%
2011-12-31;+1.0229%
2012-01-31;+4.4815%
2012-02-29;+4.3242%
2012-03-31;+3.2909%
2012-04-30;-0.6277%
2012-05-31;-6.0101%
2012-06-30;+4.1202%
2012-07-31;+1.3889%
2012-08-31;+2.2523%
2012-09-30;+2.5842%
2012-10-31;-1.8464%
2012-11-30;+0.5801%
2012-12-31;+0.9115%
2013-01-31;+5.1795%
2013-02-28;+1.3575%
2013-03-31;+3.7503%
2013-04-30;+1.9267%
2013-05-31;+2.3392%
2013-06-30;-1.3429%
2013-07-31;+5.0884%
2013-08-31;-2.8962%
2013-09-30;+3.1360%
2013-10-31;+4.5968%
2013-11-30;+3.0474%
2013-12-31;+2.5316%
2014-01-31;-3.4574%
2014-02-28;+4.5744%
2014-03-31;+0.8406%
2014-04-30;+0.7392%
2014-05-31;+2.3474%
2014-06-30;+2.0657%
2014-07-31;-1.3791%
2014-08-31;+4.0005%
2014-09-30;-1.4024%
2014-10-31;+2.4425%
2014-11-30;+2.6895%
2014-12-31;-0.2519%
2015-01-31;-3.0019%
2015-02-28;+5.7472%
2015-03-31;-1.5815%
2015-04-30;+0.9593%
2015-05-31;+1.2859%
2015-06-30;-1.9358%
2015-07-31;+2.0951%
2015-08-31;-6.0334%
2015-09-30;-2.4744%
2015-10-31;+8.4354%
2015-11-30;+0.2974%
2015-12-31;-1.5772%
2016-01-31;-4.9624%
2016-02-29;-0.1349%
2016-03-31;+6.7838%
2016-04-30;+0.3877%
2016-05-31;+1.7958%
2016-06-30;+0.2591%
2016-07-31;+3.6869%
2016-08-31;+0.1404%
2016-09-30;+0.0189%
2016-10-31;-1.8241%
2016-11-30;+3.7035%
2016-12-31;+1.9766%
2017-01-31;+1.8967%
2017-02-28;+3.9706%
2017-03-31;+0.1166%
2017-04-30;+1.0270%
2017-05-31;+1.4073%
2017-06-30;+0.6241%
2017-07-31;+2.0563%
2017-08-31;+0.3061%
2017-09-30;+2.0628%
2017-10-31;+2.3335%
2017-11-30;+3.0670%
2017-12-31;+1.1119%
2018-01-31;+5.7254%
2018-02-28;-3.6857%
2018-03-31;-2.5413%
2018-04-30;+0.3837%
2018-05-31;+2.4082%
2018-06-30;+0.6155%
2018-07-31;+3.7214%
2018-08-31;+3.2585%
2018-09-30;+0.5692%
2018-10-31;-6.8350%
2018-11-30;+2.0378%
2018-12-31;-9.0291%
2019-01-31;+8.0136%
2019-02-28;+3.2108%
2019-03-31;+1.9432%
2019-04-30;+4.0490%
2019-05-31;-6.3548%
2019-06-30;+7.0476%
2019-07-31;+1.4372%
2019-08-31;-1.5840%
2019-09-30;+1.8710%
2019-10-31;+2.1660%
2019-11-30;+3.6299%
2019-12-31;+3.0182%
2020-01-31;-0.0392%
2020-02-29;-8.2319%
2020-03-31;-12.3513%
2020-04-30;+12.8194%
2020-05-31;+4.7628%
2020-06-30;+1.9887%
2020-07-31;+5.6385%
2020-08-31;+7.1881%
2020-09-30;-3.7997%
2020-10-31;-2.6594%
2020-11-30;+10.9464%
2020-12-31;+3.8448%
2021-01-31;-1.0096%
2021-02-28;+2.7575%
2021-03-31;+4.3796%
2021-04-30;+5.3369%
2021-05-31;+0.6984%
2021-06-30;+2.3345%
2021-07-31;+2.3755%
2021-08-31;+3.0406%
2021-09-30;-4.6510%
2021-10-31;+7.0062%
2021-11-30;-0.6929%
2021-12-31;+4.4816%
2022-01-31;-5.1747%
2022-02-28;-2.9941%
2022-03-31;+3.7130%
2022-04-30;-8.7202%
2022-05-31;+0.1835%
2022-06-30;-8.2544%
2022-07-31;+9.2204%
2022-08-31;-4.0782%
2022-09-30;-9.2099%
2022-10-31;+8.0961%
2022-11-30;+5.5884%
2022-12-31;-5.7614%
2023-01-31;+6.2834%
2023-02-28;-2.4399%
2023-03-31;+3.6714%
2023-04-30;+1.5608%
2023-05-31;+0.4347%
2023-06-30;+6.6075%
2023-07-31;+3.2125%
2023-08-31;-1.5922%
2023-09-30;-4.7678%
2023-10-31;-2.1027%
2023-11-30;+9.1325%
2023-12-31;+4.5431%
2024-01-31;+1.6804%
2024-02-29;+5.3396%
2024-03-31;+3.2175%
2024-04-30;-4.0845%
2024-05-31;+4.9585%
2024-06-30;+3.5882%
2024-07-31;+1.2172%
2024-08-31;+2.4257%
2024-09-30;+2.1357%
2024-10-31;-0.9069%
2024-11-30;+5.8701%
2024-12-31;-2.3838%
;
