date;Close;stoxx50erusd_return
2005-01-31;961.40;-2.87%
2005-02-28;1 004.86;+4.52%
2005-03-31;983.06;-2.17%
2005-04-30;944.97;-3.87%
2005-05-31;958.90;+1.47%
2005-06-30;976.00;+1.78%
2005-07-31;1 024.70;+4.99%
2005-08-31;1 020.29;-0.43%
2005-09-30;1 050.69;+2.98%
2005-10-31;1 011.76;-3.71%
2005-11-30;1 035.58;+2.35%
2005-12-31;1 075.78;+3.88%
2006-01-31;1 143.76;+6.32%
2006-02-28;1 148.63;+0.43%
2006-03-31;1 191.81;+3.76%
2006-04-30;1 240.10;+4.05%
2006-05-31;1 214.22;-2.09%
2006-06-30;1 219.29;+0.42%
2006-07-31;1 232.42;+1.08%
2006-08-31;1 278.15;+3.71%
2006-09-30;1 295.15;+1.33%
2006-10-31;1 341.50;+3.58%
2006-11-30;1 390.83;+3.68%
2006-12-31;1 429.69;+2.79%
2007-01-31;1 430.66;+0.07%
2007-02-28;1 422.95;-0.54%
2007-03-31;1 467.64;+3.14%
2007-04-30;1 589.92;+8.33%
2007-05-31;1 636.05;+2.90%
2007-06-30;1 639.07;+0.18%
2007-07-31;1 598.85;-2.45%
2007-08-31;1 587.15;-0.73%
2007-09-30;1 689.33;+6.44%
2007-10-31;1 762.47;+4.33%
2007-11-30;1 755.00;-0.42%
2007-12-31;1 750.13;-0.28%
2008-01-31;1 529.86;-12.59%
2008-02-29;1 540.96;+0.73%
2008-03-31;1 567.53;+1.72%
2008-04-30;1 636.54;+4.40%
2008-05-31;1 649.22;+0.77%
2008-06-30;1 486.34;-9.88%
2008-07-31;1 479.86;-0.44%
2008-08-31;1 397.67;-5.55%
2008-09-30;1 205.86;-13.72%
2008-10-31;929.04;-22.96%
2008-11-30;877.18;-5.58%
2008-12-31;968.15;+10.37%
2009-01-31;817.67;-15.54%
2009-02-28;716.58;-12.36%
2009-03-31;785.57;+9.63%
2009-04-30;907.57;+15.53%
2009-05-31;1 022.50;+12.66%
2009-06-30;995.83;-2.61%
2009-07-31;1 106.88;+11.15%
2009-08-31;1 180.55;+6.66%
2009-09-30;1 245.68;+5.52%
2009-10-31;1 201.87;-3.52%
2009-11-30;1 251.62;+4.14%
2009-12-31;1 269.85;+1.46%
2010-01-31;1 153.12;-9.19%
2010-02-28;1 113.51;-3.44%
2010-03-31;1 186.79;+6.58%
2010-04-30;1 124.50;-5.25%
2010-05-31;983.54;-12.54%
2010-06-30;970.94;-1.28%
2010-07-31;1 100.94;+13.39%
2010-08-31;1 029.21;-6.52%
2010-09-30;1 159.22;+12.63%
2010-10-31;1 222.90;+5.49%
2010-11-30;1 072.23;-12.32%
2010-12-31;1 164.77;+8.63%
2011-01-31;1 262.03;+8.35%
2011-02-28;1 297.36;+2.80%
2011-03-31;1 288.00;-0.72%
2011-04-30;1 400.82;+8.76%
2011-05-31;1 319.49;-5.81%
2011-06-30;1 327.81;+0.63%
2011-07-31;1 235.44;-6.96%
2011-08-31;1 068.45;-13.52%
2011-09-30;945.91;-11.47%
2011-10-31;1 076.92;+13.85%
2011-11-30;1 019.86;-5.30%
2011-12-31;978.82;-4.02%
2012-01-31;1 033.50;+5.59%
2012-02-29;1 098.21;+6.26%
2012-03-31;1 079.27;-1.72%
2012-04-30;1 008.57;-6.55%
2012-05-31;883.63;-12.39%
2012-06-30;974.04;+10.23%
2012-07-31;972.86;-0.12%
2012-08-31;1 045.44;+7.46%
2012-09-30;1 076.42;+2.96%
2012-10-31;1 107.51;+2.89%
2012-11-30;1 144.36;+3.33%
2012-12-31;1 188.63;+3.87%
2013-01-31;1 259.01;+5.92%
2013-02-28;1 181.72;-6.14%
2013-03-31;1 157.66;-2.04%
2013-04-30;1 239.57;+7.08%
2013-05-31;1 263.18;+1.90%
2013-06-30;1 193.82;-5.49%
2013-07-31;1 299.51;+8.85%
2013-08-31;1 269.07;-2.34%
2013-09-30;1 387.64;+9.34%
2013-10-31;1 479.20;+6.60%
2013-11-30;1 493.90;+0.99%
2013-12-31;1 524.77;+2.07%
2014-01-31;1 450.33;-4.88%
2014-02-28;1 552.41;+7.04%
2014-03-31;1 557.40;+0.32%
2014-04-30;1 592.73;+2.27%
2014-05-31;1 615.96;+1.46%
2014-06-30;1 617.60;+0.10%
2014-07-31;1 527.90;-5.55%
2014-08-31;1 532.19;+0.28%
2014-09-30;1 496.61;-2.32%
2014-10-31;1 434.53;-4.15%
2014-11-30;1 492.74;+4.06%
2014-12-31;1 405.04;-5.88%
2015-01-31;1 398.67;-0.45%
2015-02-28;1 493.24;+6.76%
2015-03-31;1 470.59;-1.52%
2015-04-30;1 507.61;+2.52%
2015-05-31;1 478.85;-1.91%
2015-06-30;1 444.80;-2.30%
2015-07-31;1 507.68;+4.35%
2015-08-31;1 389.72;-7.82%
2015-09-30;1 314.55;-5.41%
2015-10-31;1 435.82;+9.23%
2015-11-30;1 410.22;-1.78%
2015-12-31;1 353.19;-4.04%
2016-01-31;1 258.65;-6.99%
2016-02-29;1 223.40;-2.80%
2016-03-31;1 310.14;+7.09%
2016-04-30;1 336.30;+2.00%
2016-05-31;1 336.25;-0.00%
2016-06-30;1 252.56;-6.26%
2016-07-31;1 318.09;+5.23%
2016-08-31;1 327.98;+0.75%
2016-09-30;1 332.41;+0.33%
2016-10-31;1 324.35;-0.60%
2016-11-30;1 282.23;-3.18%
2016-12-31;1 376.12;+7.32%
2017-01-31;1 386.08;+0.72%
2017-02-28;1 402.65;+1.20%
2017-03-31;1 492.52;+6.41%
2017-04-30;1 550.71;+3.90%
2017-05-31;1 623.63;+4.70%
2017-06-30;1 598.59;-1.54%
2017-07-31;1 657.66;+3.70%
2017-08-31;1 659.80;+0.13%
2017-09-30;1 736.05;+4.59%
2017-10-31;1 749.80;+0.79%
2017-11-30;1 741.76;-0.46%
2017-12-31;1 724.08;-1.02%
2018-01-31;1 844.31;+6.97%
2018-02-28;1 723.08;-6.57%
2018-03-31;1 700.20;-1.33%
2018-04-30;1 770.12;+4.11%
2018-05-31;1 674.17;-5.42%
2018-06-30;1 671.92;-0.13%
2018-07-31;1 741.90;+4.19%
2018-08-31;1 668.05;-4.24%
2018-09-30;1 670.32;+0.14%
2018-10-31;1 534.12;-8.15%
2018-11-30;1 522.46;-0.76%
2018-12-31;1 456.67;-4.32%
2019-01-31;1 543.73;+5.98%
2019-02-28;1 599.69;+3.62%
2019-03-31;1 606.72;+0.44%
2019-04-30;1 691.33;+5.27%
2019-05-31;1 595.75;-5.65%
2019-06-30;1 729.31;+8.37%
2019-07-31;1 689.82;-2.28%
2019-08-31;1 653.63;-2.14%
2019-09-30;1 707.24;+3.24%
2019-10-31;1 766.35;+3.46%
2019-11-30;1 794.78;+1.61%
2019-12-31;1 849.47;+3.05%
2020-01-31;1 778.02;-3.86%
2020-02-29;1 613.84;-9.23%
2020-03-31;1 351.18;-16.28%
2020-04-30;1 421.68;+5.22%
2020-05-31;1 515.14;+6.57%
2020-06-30;1 629.09;+7.52%
2020-07-31;1 689.10;+3.68%
2020-08-31;1 763.10;+4.38%
2020-09-30;1 688.96;-4.21%
2020-10-31;1 555.35;-7.91%
2020-11-30;1 886.15;+21.27%
2020-12-31;1 963.72;+4.11%
2021-01-31;1 913.89;-2.54%
2021-02-28;1 999.64;+4.48%
2021-03-31;2 089.43;+4.49%
2021-04-30;2 181.35;+4.40%
2021-05-31;2 271.64;+4.14%
2021-06-30;2 218.86;-2.32%
2021-07-31;2 235.38;+0.74%
2021-08-31;2 283.92;+2.17%
2021-09-30;2 166.74;-5.13%
2021-10-31;2 275.73;+5.03%
2021-11-30;2 118.24;-6.92%
2021-12-31;2 264.37;+6.90%
2022-01-31;2 170.83;-4.13%
2022-02-28;2 046.87;-5.71%
2022-03-31;2 019.01;-1.36%
2022-04-30;1 876.33;-7.07%
2022-05-31;1 929.74;+2.85%
2022-06-30;1 718.57;-10.94%
2022-07-31;1 801.38;+4.82%
2022-08-31;1 686.07;-6.40%
2022-09-30;1 551.60;-7.98%
2022-10-31;1 707.88;+10.07%
2022-11-30;1 952.37;+14.32%
2022-12-31;1 937.55;-0.76%
2023-01-31;2 167.44;+11.86%
2023-02-28;2 157.41;-0.46%
2023-03-31;2 254.66;+4.51%
2023-04-30;2 331.97;+3.43%
2023-05-31;2 210.12;-5.23%
2023-06-30;2 360.22;+6.79%
2023-07-31;2 427.51;+2.85%
2023-08-31;2 298.25;-5.32%
2023-09-30;2 179.76;-5.16%
2023-10-31;2 118.90;-2.79%
2023-11-30;2 363.97;+11.57%
2023-12-31;2 470.34;+4.50%
2024-01-31;2 501.41;+1.26%
2024-02-29;2 618.59;+4.68%
2024-03-31;2 727.82;+4.17%
2024-04-30;2 640.02;-3.22%
2024-05-31;2 745.18;+3.98%
2024-06-30;2 663.66;-2.97%
2024-07-31;2 681.64;+0.68%
2024-08-31;2 792.54;+4.14%
2024-09-30;2 841.76;+1.76%
2024-10-31;2 672.77;-5.95%
2024-11-30;2 591.82;-3.03%
2024-12-31;2 590.55;-0.05%
;;
