date; (ARCA:XLK) - Dividend Adjusted Share Pricing;xlk_totalreturn;
2004-12-31;15.91;-0.038013995;
2005-01-31;15.31;0.001506007;
2005-02-28;15.33;-0.019548849;
2005-03-31;15.03;-0.035276076;
2005-04-30;14.50;0.069422365;
2005-05-31;15.51;-0.012884049;
2005-06-30;15.31;0.056726945;
2005-07-31;16.18;-0.009501225;
2005-08-31;16.02;0.002398075;
2005-09-30;16.06;-0.022966498;
2005-10-31;15.69;0.063173351;
2005-11-30;16.69;-0.030709894;
2005-12-31;16.17;0.033492841;
2006-01-31;16.71;0.002314782;
2006-02-28;16.75;0.022632831;
2006-03-31;17.13;-0.013098511;
2006-04-30;16.91;-0.064988523;
2006-05-31;15.81;-0.004894756;
2006-06-30;15.73;-0.026069858;
2006-07-31;15.32;0.070202;
2006-08-31;16.40;0.040311995;
2006-09-30;17.06;0.0404545;
2006-10-31;17.75;0.027522959;
2006-11-30;18.24;-0.00539075;
2006-12-31;18.14;0.020206359;
2007-01-31;18.50;-0.028655686;
2007-02-28;17.97;0.011713679;
2007-03-31;18.19;0.047169799;
2007-04-30;19.04;0.050368547;
2007-05-31;20.00;-0.001259722;
2007-06-30;19.98;-0.001953162;
2007-07-31;19.94;0.019178072;
2007-08-31;20.32;0.037766818;
2007-09-30;21.09;0.053021865;
2007-10-31;22.21;-0.075352141;
2007-11-30;20.53;0.019898719;
2007-12-31;20.94;-0.127906976;
2008-01-31;18.26;-0.047311817;
2008-02-29;17.40;0.011537829;
2008-03-31;17.60;0.0625;
2008-04-30;18.70;0.065126098;
2008-05-31;19.92;-0.093689378;
2008-06-30;18.05;-0.024443473;
2008-07-31;17.61;0.017897058;
2008-08-31;17.92;-0.12449232;
2008-09-30;15.69;-0.161209101;
2008-10-31;13.16;-0.084084071;
2008-11-30;12.06;0.015865516;
2008-12-31;12.25;-0.047371896;
2009-01-31;11.67;-0.038147098;
2009-02-28;11.22;0.111821827;
2009-03-31;12.48;0.10435337;
2009-04-30;13.78;0.023188394;
2009-05-31;14.10;0.036375591;
2009-06-30;14.61;0.081823175;
2009-07-31;15.81;0.016243654;
2009-08-31;16.06;0.046308414;
2009-09-30;16.81;-0.01245804;
2009-10-31;16.60;0.05531292;
2009-11-30;17.52;0.058060536;
2009-12-31;18.53;-0.085957258;
2010-01-31;16.94;0.034877661;
2010-02-28;17.53;0.06840254;
2010-03-31;18.73;0.012510816;
2010-04-30;18.97;-0.074778704;
2010-05-31;17.55;-0.053969339;
2010-06-30;16.60;0.074509857;
2010-07-31;17.84;-0.056113137;
2010-08-31;16.84;0.116625467;
2010-09-30;18.80;0.057775856;
2010-10-31;19.89;-0.016427089;
2010-11-30;19.56;0.055556345;
2010-12-31;20.65;0.031758644;
2011-01-31;21.30;0.021931525;
2011-02-28;21.77;-0.015431236;
2011-03-31;21.43;0.025995175;
2011-04-30;21.99;-0.0104712;
2011-05-31;21.76;-0.024823856;
2011-06-30;21.22;0.004280117;
2011-07-31;21.31;-0.053080205;
2011-08-31;20.18;-0.030715521;
2011-09-30;19.56;0.102118653;
2011-10-31;21.56;-0.014994242;
2011-11-30;21.23;-0.002279651;
2011-12-31;21.19;0.062082522;
2012-01-31;22.50;0.070847171;
2012-02-29;24.09;0.045336308;
2012-03-31;25.19;-0.01127322;
2012-04-30;24.90;-0.063380254;
2012-05-31;23.32;0.0324417;
2012-06-30;24.08;0.018624923;
2012-07-31;24.53;0.042036907;
2012-08-31;25.56;0.01516222;
2012-09-30;25.95;-0.063406313;
2012-10-31;24.30;0.0089884;
2012-11-30;24.52;-0.003926995;
2012-12-31;24.43;0.019064164;
2013-01-31;24.89;0.0078231;
2013-02-28;25.09;0.025789154;
2013-03-31;25.73;0.017509062;
2013-04-30;26.18;0.027922081;
2013-05-31;26.91;-0.029087656;
2013-06-30;26.13;0.037436634;
2013-07-31;27.11;-0.010400228;
2013-08-31;26.83;0.025330804;
2013-09-30;27.51;0.050249684;
2013-10-31;28.89;0.030906407;
2013-11-30;29.78;0.035356048;
2013-12-31;30.84;-0.025741471;
2014-01-31;30.04;0.043940269;
2014-02-28;31.36;0.004311006;
2014-03-31;31.50;0.002751042;
2014-04-30;31.58;0.037585712;
2014-05-31;32.77;0.018689356;
2014-06-30;33.38;0.016949174;
2014-07-31;33.95;0.032820514;
2014-08-31;35.06;-0.005176309;
2014-09-30;34.88;0.016040099;
2014-10-31;35.44;0.048100618;
2014-11-30;37.15;-0.021756052;
2014-12-31;36.34;-0.035066505;
2015-01-31;35.06;0.079949884;
2015-02-28;37.87;-0.034345832;
2015-03-31;36.57;0.027509667;
2015-04-30;37.57;0.018553313;
2015-05-31;38.27;-0.041130795;
2015-06-30;36.70;0.028502419;
2015-07-31;37.74;-0.055190225;
2015-08-31;35.66;-0.013708205;
2015-09-30;35.17;0.105063306;
2015-10-31;38.86;0.007101951;
2015-11-30;39.14;-0.020813682;
2015-12-31;38.33;-0.037123506;
2016-01-31;36.90;-0.006547032;
2016-02-29;36.66;0.088222529;
2016-03-31;39.90;-0.050270517;
2016-04-30;37.89;0.048896279;
2016-05-31;39.74;-0.013770938;
2016-06-30;39.20;0.071016828;
2016-07-31;41.98;0.011625407;
2016-08-31;42.47;0.021008813;
2016-09-30;43.36;-0.007534539;
2016-10-31;43.03;0.001687053;
2016-11-30;43.11;0.022603234;
2016-12-31;44.08;0.035566572;
2017-01-31;45.65;0.045327489;
2017-02-28;47.72;0.022264889;
2017-03-31;48.78;0.02007128;
2017-04-30;49.76;0.039536592;
2017-05-31;51.72;-0.028111247;
2017-06-30;50.27;0.044590639;
2017-07-31;52.51;0.029216239;
2017-08-31;54.05;0.008182343;
2017-09-30;54.49;0.065143825;
2017-10-31;58.04;0.014138211;
2017-11-30;58.86;0.005462001;
2017-12-31;59.18;0.070367476;
2018-01-31;63.34;-0.00409059;
2018-02-28;63.09;-0.037341525;
2018-03-31;60.73;0.000611444;
2018-04-30;60.77;0.067827675;
2018-05-31;64.89;-0.002627368;
2018-06-30;64.72;0.020872319;
2018-07-31;66.07;0.065989851;
2018-08-31;70.43;-0.000187692;
2018-09-30;70.42;-0.080047789;
2018-10-31;64.78;-0.01962483;
2018-11-30;63.51;-0.083763458;
2018-12-31;58.19;0.069377225;
2019-01-31;62.23;0.069100777;
2019-02-28;66.53;0.047692305;
2019-03-31;69.70;0.063648641;
2019-04-30;74.13;-0.086647181;
2019-05-31;67.71;0.089387071;
2019-06-30;73.76;0.034982066;
2019-07-31;76.34;-0.015352227;
2019-08-31;75.17;0.015724822;
2019-09-30;76.35;0.038991683;
2019-10-31;79.33;0.053663195;
2019-11-30;83.59;0.043202385;
2019-12-31;87.20;0.039925817;
2020-01-31;90.68;-0.07300955;
2020-02-29;84.06;-0.085773217;
2020-03-31;76.85;0.137364683;
2020-04-30;87.41;0.071764576;
2020-05-31;93.68;0.069485373;
2020-06-30;100.19;0.056847547;
2020-07-31;105.88;0.118808295;
2020-08-31;118.46;-0.053354946;
2020-09-30;112.14;-0.050042843;
2020-10-31;106.53;0.113837267;
2020-11-30;118.66;0.055413422;
2020-12-31;125.23;-0.008383326;
2021-01-31;124.18;0.013650823;
2021-02-28;125.88;0.018367933;
2021-03-31;128.19;0.051878626;
2021-04-30;134.84;-0.009305653;
2021-05-31;133.59;0.068859512;
2021-06-30;142.78;0.038873089;
2021-07-31;148.34;0.03559322;
2021-08-31;153.62;-0.058400401;
2021-09-30;144.64;0.081770691;
2021-10-31;156.47;0.044511858;
2021-11-30;163.44;0.032470702;
2021-12-31;168.74;-0.068441937;
2022-01-31;157.19;-0.048774463;
2022-02-28;149.53;0.033447578;
2022-03-31;154.53;-0.110174289;
2022-04-30;137.50;-0.006859;
2022-05-31;136.56;-0.092556022;
2022-06-30;123.92;0.134518565;
2022-07-31;140.59;-0.062127304;
2022-08-31;131.86;-0.119673547;
2022-09-30;116.08;0.076528029;
2022-10-31;124.96;0.063267381;
2022-11-30;132.87;-0.082100053;
2022-12-31;121.96;0.092574732;
2023-01-31;133.25;0.004118858;
2023-02-28;133.80;0.108575927;
2023-03-31;148.32;-0.001191973;
2023-04-30;148.15;0.089173242;
2023-05-31;161.36;0.060529223;
2023-06-30;171.12;0.025825377;
2023-07-31;175.54;-0.015082698;
2023-08-31;172.90;-0.064781784;
2023-09-30;161.69;0.000488012;
2023-10-31;161.77;0.128955552;
2023-11-30;182.64;0.041826886;
2023-12-31;190.27;0.02701579;
2024-01-31;195.41;0.047045731;
2024-02-29;204.61;0.00789507;
2024-03-31;206.22;-0.057617515;
2024-04-30;194.34;0.07076986;
2024-05-31;208.10;0.078354004;
2024-06-30;224.40;-0.03284268;
2024-07-31;217.03;0.006992686;
2024-08-31;218.55;0.026483112;
2024-09-30;224.34;-0.015591779;
2024-10-31;220.84;0.051700865;
2024-11-30;232.26;-0.003547029;
2024-12-31;231.43;-0.007354205;
2025-01-31;229.73;-0.022875959;
2025-02-28;224.47;-0.082860725;
2025-03-31;205.87;0.016902363;
2025-04-30;209.35;0.099728534;
2025-05-31;230.23;0.098476338;
2025-06-30;252.91;0.037554795;
2025-07-31;262.40;-0.001103753;
2025-08-31;262.11;0.075336649;
2025-09-30;281.86;0.066770737;
;;;
;;;
