date;vixxmonthly
2005-01-31;13.39
2005-02-28;11.68
2005-03-31;13.14
2005-04-30;14.46
2005-05-31;13.95
2005-06-30;11.87
2005-07-31;11.07
2005-08-31;12.95
2005-09-30;12.67
2005-10-31;14.8
2005-11-30;12.09
2005-12-31;11.21
2006-01-31;12
2006-02-28;12.45
2006-03-31;11.69
2006-04-30;11.85
2006-05-31;14.45
2006-06-30;16.92
2006-07-31;15.12
2006-08-31;13.35
2006-09-30;12.17
2006-10-31;11.34
2006-11-30;10.79
2006-12-31;10.98
2007-01-31;11.05
2007-02-28;11.1
2007-03-31;15.16
2007-04-30;13.02
2007-05-31;13.3
2007-06-30;14.95
2007-07-31;17.13
2007-08-31;25.03
2007-09-30;22.31
2007-10-31;19.12
2007-11-30;25.64
2007-12-31;21.57
2008-01-31;25.73
2008-02-29;25.44
2008-03-31;27.06
2008-04-30;21.56
2008-05-31;18.36
2008-06-30;21.92
2008-07-31;24.34
2008-08-31;20.7
2008-09-30;29.8
2008-10-31;61.18
2008-11-30;62.17
2008-12-31;52.05
2009-01-31;44.53
2009-02-28;45.41
2009-03-31;44.86
2009-04-30;37.99
2009-05-31;32.01
2009-06-30;29.14
2009-07-31;26.24
2009-08-31;25.36
2009-09-30;24.94
2009-10-31;24.25
2009-11-30;23.95
2009-12-31;21.16
2010-01-31;20.56
2010-02-28;22.55
2010-03-31;17.77
2010-04-30;17.43
2010-05-31;31.49
2010-06-30;29.92
2010-07-31;25.77
2010-08-31;24.69
2010-09-30;22.46
2010-10-31;20.37
2010-11-30;20.07
2010-12-31;17.52
2011-01-31;17.25
2011-02-28;17.38
2011-03-31;20.72
2011-04-30;16.17
2011-05-31;16.78
2011-06-30;19.15
2011-07-31;19.07
2011-08-31;35.03
2011-09-30;36.41
2011-10-31;33.29
2011-11-30;32.03
2011-12-31;24.85
2012-01-31;20.53
2012-02-29;18.39
2012-03-31;16.17
2012-04-30;17.67
2012-05-31;21.03
2012-06-30;21.13
2012-07-31;17.5
2012-08-31;15.69
2012-09-30;15.49
2012-10-31;16.41
2012-11-30;16.64
2012-12-31;17.27
2013-01-31;13.66
2013-02-28;13.99
2013-03-31;13.02
2013-04-30;13.97
2013-05-31;13.52
2013-06-30;17.23
2013-07-31;14.07
2013-08-31;14.21
2013-09-30;14.9
2013-10-31;15.41
2013-11-30;12.93
2013-12-31;14.1
2014-01-31;14.14
2014-02-28;15.52
2014-03-31;14.8
2014-04-30;14.16
2014-05-31;12.42
2014-06-30;11.53
2014-07-31;12.21
2014-08-31;13.49
2014-09-30;13.4
2014-10-31;18.06
2014-11-30;13.38
2014-12-31;16.21
2015-01-31;19.21
2015-02-28;16.09
2015-03-31;14.75
2015-04-30;13.55
2015-05-31;13.28
2015-06-30;14.34
2015-07-31;14.46
2015-08-31;19.1
2015-09-30;24.53
2015-10-31;16.79
2015-11-30;16.11
2015-12-31;17.93
2016-01-31;23.61
2016-02-29;22.65
2016-03-31;15.8
2016-04-30;14.3
2016-05-31;14.81
2016-06-30;17.77
2016-07-31;13.24
2016-08-31;12.4
2016-09-30;14.12
2016-10-31;14.53
2016-11-30;15.11
2016-12-31;12.43
2017-01-31;11.8
2017-02-28;11.53
2017-03-31;11.9
2017-04-30;13.23
2017-05-31;10.82
2017-06-30;10.51
2017-07-31;10.35
2017-08-31;11.98
2017-09-30;10.42
2017-10-31;10.1
2017-11-30;10.51
2017-12-31;10.25
2018-01-31;11.02
2018-02-28;22.31
2018-03-31;19.07
2018-04-30;18.34
2018-05-31;14.09
2018-06-30;13.68
2018-07-31;13.41
2018-08-31;12.55
2018-09-30;12.91
2018-10-31;19.35
2018-11-30;19.45
2018-12-31;24.95
2019-01-31;19.75
2019-02-28;15.22
2019-03-31;14.49
2019-04-30;12.91
2019-05-31;16.68
2019-06-30;15.97
2019-07-31;13.27
2019-08-31;18.98
2019-09-30;15.87
2019-10-31;15.47
2019-11-30;12.49
2019-12-31;13.66
2020-01-31;13.85
2020-02-29;19.31
2020-03-31;56.97
2020-04-30;41.46
2020-05-31;30.77
2020-06-30;31.12
2020-07-31;26.88
2020-08-31;22.96
2020-09-30;27.79
2020-10-31;29.44
2020-11-30;25.42
2020-12-31;22.34
2021-01-31;24.78
2021-02-28;22.98
2021-03-31;21.84
2021-04-30;17.41
2021-05-31;19.57
2021-06-30;16.96
2021-07-31;17.49
2021-08-31;17.51
2021-09-30;19.67
2021-10-31;17.87
2021-11-30;18.5
2021-12-31;21.21
2022-01-31;22.73
2022-02-28;25.85
2022-03-31;26.97
2022-04-30;24.29
2022-05-31;29.49
2022-06-30;28.23
2022-07-31;25
2022-08-31;22.17
2022-09-30;27.34
2022-10-31;30.08
2022-11-30;23.3
2022-12-31;21.74
2023-01-31;20.3
2023-02-28;20.12
2023-03-31;21.64
2023-04-30;17.89
2023-05-31;17.64
2023-06-30;14
2023-07-31;13.92
2023-08-31;15.85
2023-09-30;15.17
2023-10-31;18.83
2023-11-30;14.02
2023-12-31;12.73
2024-01-31;13.35
2024-02-29;13.98
2024-03-31;13.75
2024-04-30;16.14
2024-05-31;13.06
2024-06-30;12.68
2024-07-31;14.37
2024-08-31;19.31
2024-09-30;17.54
2024-10-31;19.96
2024-11-30;16.02
2024-12-31;15.69
;
