date;v2txmonthly
2005-01-31;13.63
2005-02-28;12.64
2005-03-31;12.88
2005-04-30;14.48
2005-05-31;14.33
2005-06-30;12.76
2005-07-31;13.12
2005-08-31;15
2005-09-30;14.87
2005-10-31;16.81
2005-11-30;14.8
2005-12-31;13.05
2006-01-31;14.82
2006-02-28;15.34
2006-03-31;14.27
2006-04-30;14.66
2006-05-31;18.59
2006-06-30;22.38
2006-07-31;19.44
2006-08-31;17.89
2006-09-30;16.42
2006-10-31;15.39
2006-11-30;14.16
2006-12-31;14.56
2007-01-31;15.61
2007-02-28;14.56
2007-03-31;19.52
2007-04-30;17.21
2007-05-31;16.98
2007-06-30;17.49
2007-07-31;19.39
2007-08-31;27.18
2007-09-30;24.34
2007-10-31;19.84
2007-11-30;23.67
2007-12-31;19.02
2008-01-31;26.76
2008-02-29;28.69
2008-03-31;30.25
2008-04-30;23.21
2008-05-31;20.19
2008-06-30;23.05
2008-07-31;25.92
2008-08-31;22.7
2008-09-30;30.91
2008-10-31;63.27
2008-11-30;60.6
2008-12-31;48.46
2009-01-31;46.4
2009-02-28;45.11
2009-03-31;44.13
2009-04-30;39.15
2009-05-31;34.61
2009-06-30;31.24
2009-07-31;29.36
2009-08-31;28.21
2009-09-30;27.1
2009-10-31;26.77
2009-11-30;27.48
2009-12-31;24.67
2010-01-31;23.94
2010-02-28;26.82
2010-03-31;21.36
2010-04-30;23.11
2010-05-31;38.53
2010-06-30;32.39
2010-07-31;28.75
2010-08-31;28.16
2010-09-30;24.71
2010-10-31;23.02
2010-11-30;24.69
2010-12-31;21.66
2011-01-31;22.17
2011-02-28;21.44
2011-03-31;24.98
2011-04-30;20.1
2011-05-31;21.79
2011-06-30;23.8
2011-07-31;24.89
2011-08-31;40.81
2011-09-30;45.55
2011-10-31;39.7
2011-11-30;40.29
2011-12-31;33.04
2012-01-31;27.98
2012-02-29;24.94
2012-03-31;22.43
2012-04-30;26.75
2012-05-31;31.08
2012-06-30;30.32
2012-07-31;24.68
2012-08-31;24.23
2012-09-30;22.75
2012-10-31;21.85
2012-11-30;20.13
2012-12-31;17.45
2013-01-31;16.31
2013-02-28;19.9
2013-03-31;19.38
2013-04-30;20.4
2013-05-31;17.78
2013-06-30;21.79
2013-07-31;19.4
2013-08-31;18.54
2013-09-30;19.09
2013-10-31;17.88
2013-11-30;15.73
2013-12-31;16.78
2014-01-31;18.11
2014-02-28;18.58
2014-03-31;19.25
2014-04-30;17.4
2014-05-31;16.29
2014-06-30;14.39
2014-07-31;15.8
2014-08-31;18.08
2014-09-30;16.73
2014-10-31;22.36
2014-11-30;19.8
2014-12-31;22.44
2015-01-31;26.41
2015-02-28;22.66
2015-03-31;19.15
2015-04-30;20.97
2015-05-31;22.01
2015-06-30;26.15
2015-07-31;23.58
2015-08-31;24.85
2015-09-30;31.45
2015-10-31;23.65
2015-11-30;22.71
2015-12-31;23.4
2016-01-31;29.29
2016-02-29;31.69
2016-03-31;24.55
2016-04-30;22.69
2016-05-31;23.65
2016-06-30;30.89
2016-07-31;22.4
2016-08-31;20.08
2016-09-30;19.81
2016-10-31;19.24
2016-11-30;21.92
2016-12-31;16.96
2017-01-31;16.08
2017-02-28;15.54
2017-03-31;14.99
2017-04-30;20.36
2017-05-31;15.04
2017-06-30;14.35
2017-07-31;14.12
2017-08-31;15.59
2017-09-30;13.27
2017-10-31;12.43
2017-11-30;13.34
2017-12-31;12.73
2018-01-31;12.23
2018-02-28;21.48
2018-03-31;17.78
2018-04-30;15.44
2018-05-31;14.53
2018-06-30;14.94
2018-07-31;13.88
2018-08-31;14.27
2018-09-30;14.76
2018-10-31;18.88
2018-11-30;18.26
2018-12-31;20.73
2019-01-31;17.71
2019-02-28;14.44
2019-03-31;14.58
2019-04-30;12.87
2019-05-31;16.61
2019-06-30;14.7
2019-07-31;12.8
2019-08-31;19.16
2019-09-30;15.7
2019-10-31;15.86
2019-11-30;12.65
2019-12-31;13.44
2020-01-31;13.47
2020-02-29;17.83
2020-03-31;57.09
2020-04-30;42.36
2020-05-31;31.63
2020-06-30;33.07
2020-07-31;26.75
2020-08-31;23.97
2020-09-30;26.29
2020-10-31;27.87
2020-11-30;24.48
2020-12-31;22.25
2021-01-31;22.84
2021-02-28;22.13
2021-03-31;19.33
2021-04-30;17.59
2021-05-31;20.49
2021-06-30;17.53
2021-07-31;19.3
2021-08-31;18.44
2021-09-30;21.24
2021-10-31;18.97
2021-11-30;19.42
2021-12-31;23.24
2022-01-31;22.82
2022-02-28;28.23
2022-03-31;36.28
2022-04-30;29.21
2022-05-31;29.52
2022-06-30;27.47
2022-07-31;27.38
2022-08-31;24.05
2022-09-30;27.83
2022-10-31;28.92
2022-11-30;21.68
2022-12-31;20.6
2023-01-31;18.86
2023-02-28;19.17
2023-03-31;22.38
2023-04-30;18.19
2023-05-31;18.21
2023-06-30;14.92
2023-07-31;15.64
2023-08-31;18.55
2023-09-30;16.87
2023-10-31;20.11
2023-11-30;15.16
2023-12-31;13.42
2024-01-31;14.06
2024-02-29;14.04
2024-03-31;13.37
2024-04-30;16.32
2024-05-31;13.55
2024-06-30;16.63
2024-07-31;15.08
2024-08-31;18.19
2024-09-30;17.49
2024-10-31;19.34
2024-11-30;18.21
2024-12-31;15.89
;
